event_ts,symbol,open,high,low,close,volume,source,snapshot_id,ingested_at
2026-01-02 05:00:00+00:00,AAPL,272.255,277.84,269,271.01,37838054,alpha_vantage,market_bars,2026-06-26 07:05:23.338783+00:00
2026-01-05 05:00:00+00:00,AAPL,270.64,271.51,266.14,267.26,45647190,alpha_vantage,market_bars,2026-06-26 07:05:23.338783+00:00
2026-01-06 05:00:00+00:00,AAPL,267,267.55,262.12,262.36,52352090,alpha_vantage,market_bars,2026-06-26 07:05:23.338783+00:00
2026-01-07 05:00:00+00:00,AAPL,263.2,263.68,259.81,260.33,48309804,alpha_vantage,market_bars,2026-06-26 07:05:23.338783+00:00
2026-01-08 05:00:00+00:00,AAPL,257.02,259.29,255.7,259.04,50419337,alpha_vantage,market_bars,2026-06-26 07:05:23.338783+00:00
2026-01-09 05:00:00+00:00,AAPL,259.075,260.21,256.22,259.37,39996967,alpha_vantage,market_bars,2026-06-26 07:05:23.338783+00:00
2026-01-12 05:00:00+00:00,AAPL,259.16,261.3,256.8,260.25,45263767,alpha_vantage,market_bars,2026-06-26 07:05:23.338783+00:00
2026-01-13 05:00:00+00:00,AAPL,258.72,261.81,258.39,261.05,45730847,alpha_vantage,market_bars,2026-06-26 07:05:23.338783+00:00
2026-01-14 05:00:00+00:00,AAPL,259.49,261.82,256.71,259.96,40019421,alpha_vantage,market_bars,2026-06-26 07:05:23.338783+00:00
2026-01-15 05:00:00+00:00,AAPL,260.65,261.04,257.05,258.21,39388564,alpha_vantage,market_bars,2026-06-26 07:05:23.338783+00:00
2026-01-16 05:00:00+00:00,AAPL,257.9,258.9,254.93,255.53,72142773,alpha_vantage,market_bars,2026-06-26 07:05:23.338783+00:00
2026-01-20 05:00:00+00:00,AAPL,252.73,254.79,243.42,246.7,77280987,alpha_vantage,market_bars,2026-06-26 07:05:23.338783+00:00
2026-01-21 05:00:00+00:00,AAPL,248.7,251.56,245.18,247.65,54641725,alpha_vantage,market_bars,2026-06-26 07:05:23.338783+00:00
2026-01-22 05:00:00+00:00,AAPL,249.2,251,248.15,248.35,39708340,alpha_vantage,market_bars,2026-06-26 07:05:23.338783+00:00
2026-01-23 05:00:00+00:00,AAPL,247.32,249.41,244.68,248.04,41688982,alpha_vantage,market_bars,2026-06-26 07:05:23.338783+00:00
2026-01-26 05:00:00+00:00,AAPL,251.48,256.56,249.8,255.41,55969234,alpha_vantage,market_bars,2026-06-26 07:05:23.338783+00:00
2026-01-27 05:00:00+00:00,AAPL,259.17,261.95,258.21,258.27,48787855,alpha_vantage,market_bars,2026-06-26 07:05:23.338783+00:00
2026-01-28 05:00:00+00:00,AAPL,257.65,258.855,254.51,256.44,41287971,alpha_vantage,market_bars,2026-06-26 07:05:23.338783+00:00
2026-01-29 05:00:00+00:00,AAPL,258,259.65,254.41,258.28,67253009,alpha_vantage,market_bars,2026-06-26 07:05:23.338783+00:00
2026-01-30 05:00:00+00:00,AAPL,255.165,261.8999,252.18,259.48,92443408,alpha_vantage,market_bars,2026-06-26 07:05:23.338783+00:00
2026-02-02 05:00:00+00:00,AAPL,260.03,270.49,259.205,270.01,73913425,alpha_vantage,market_bars,2026-06-26 07:05:23.338783+00:00
2026-02-03 05:00:00+00:00,AAPL,269.2,271.875,267.61,269.48,63799388,alpha_vantage,market_bars,2026-06-26 07:05:23.338783+00:00
2026-02-04 05:00:00+00:00,AAPL,272.285,278.95,272.285,276.49,90545710,alpha_vantage,market_bars,2026-06-26 07:05:23.338783+00:00
2026-02-05 05:00:00+00:00,AAPL,278.13,279.5,273.23,275.91,52977441,alpha_vantage,market_bars,2026-06-26 07:05:23.338783+00:00
2026-02-06 05:00:00+00:00,AAPL,277.12,280.905,276.925,278.12,50453414,alpha_vantage,market_bars,2026-06-26 07:05:23.338783+00:00
2026-02-09 05:00:00+00:00,AAPL,277.905,278.2,271.7,274.62,44623396,alpha_vantage,market_bars,2026-06-26 07:05:23.338783+00:00
2026-02-10 05:00:00+00:00,AAPL,274.885,275.37,272.94,273.68,34376898,alpha_vantage,market_bars,2026-06-26 07:05:23.338783+00:00
2026-02-11 05:00:00+00:00,AAPL,274.695,280.18,274.45,275.5,51931283,alpha_vantage,market_bars,2026-06-26 07:05:23.338783+00:00
2026-02-12 05:00:00+00:00,AAPL,275.59,275.72,260.18,261.73,81077229,alpha_vantage,market_bars,2026-06-26 07:05:23.338783+00:00
2026-02-13 05:00:00+00:00,AAPL,262.01,262.23,255.45,255.78,56290673,alpha_vantage,market_bars,2026-06-26 07:05:23.338783+00:00
2026-02-17 05:00:00+00:00,AAPL,258.05,266.29,255.54,263.88,58469094,alpha_vantage,market_bars,2026-06-26 07:05:23.338783+00:00
2026-02-18 05:00:00+00:00,AAPL,263.6,266.82,262.45,264.35,34203337,alpha_vantage,market_bars,2026-06-26 07:05:23.338783+00:00
2026-02-19 05:00:00+00:00,AAPL,262.6,264.48,260.05,260.58,30845294,alpha_vantage,market_bars,2026-06-26 07:05:23.338783+00:00
2026-02-20 05:00:00+00:00,AAPL,258.97,264.75,258.16,264.58,42070499,alpha_vantage,market_bars,2026-06-26 07:05:23.338783+00:00
2026-02-23 05:00:00+00:00,AAPL,263.49,269.43,263.381,266.18,37308155,alpha_vantage,market_bars,2026-06-26 07:05:23.338783+00:00
2026-02-24 05:00:00+00:00,AAPL,267.86,274.89,267.71,272.14,47014619,alpha_vantage,market_bars,2026-06-26 07:05:23.338783+00:00
2026-02-25 05:00:00+00:00,AAPL,271.78,274.94,271.05,274.23,33714342,alpha_vantage,market_bars,2026-06-26 07:05:23.338783+00:00
2026-02-26 05:00:00+00:00,AAPL,274.945,276.11,270.795,272.95,32345114,alpha_vantage,market_bars,2026-06-26 07:05:23.338783+00:00
2026-02-27 05:00:00+00:00,AAPL,272.81,272.81,262.89,264.18,72366505,alpha_vantage,market_bars,2026-06-26 07:05:23.338783+00:00
2026-03-02 05:00:00+00:00,AAPL,262.41,266.53,260.2,264.72,41827946,alpha_vantage,market_bars,2026-06-26 07:05:23.338783+00:00
2026-03-03 05:00:00+00:00,AAPL,263.48,265.56,260.13,263.75,38568921,alpha_vantage,market_bars,2026-06-26 07:05:23.338783+00:00
2026-03-04 05:00:00+00:00,AAPL,264.65,266.15,261.42,262.52,39803119,alpha_vantage,market_bars,2026-06-26 07:05:23.338783+00:00
2026-03-05 05:00:00+00:00,AAPL,260.79,261.555,257.25,260.29,49658626,alpha_vantage,market_bars,2026-06-26 07:05:23.338783+00:00
2026-03-06 05:00:00+00:00,AAPL,258.63,258.77,254.37,257.46,41120042,alpha_vantage,market_bars,2026-06-26 07:05:23.338783+00:00
2026-03-09 04:00:00+00:00,AAPL,255.69,261.15,253.6805,259.88,38218533,alpha_vantage,market_bars,2026-06-26 07:05:23.338783+00:00
2026-03-10 04:00:00+00:00,AAPL,257.645,262.48,256.95,260.83,30590765,alpha_vantage,market_bars,2026-06-26 07:05:23.338783+00:00
2026-03-11 04:00:00+00:00,AAPL,261.09,262.13,259.55,260.81,26218927,alpha_vantage,market_bars,2026-06-26 07:05:23.338783+00:00
2026-03-12 04:00:00+00:00,AAPL,258.66,258.95,254.18,255.76,40794020,alpha_vantage,market_bars,2026-06-26 07:05:23.338783+00:00
2026-03-13 04:00:00+00:00,AAPL,255.48,256.33,249.52,250.12,36929988,alpha_vantage,market_bars,2026-06-26 07:05:23.338783+00:00
2026-03-16 04:00:00+00:00,AAPL,252.105,253.885,249.88,252.82,32074209,alpha_vantage,market_bars,2026-06-26 07:05:23.338783+00:00
2026-03-17 04:00:00+00:00,AAPL,252.955,255.13,252.18,254.23,32361607,alpha_vantage,market_bars,2026-06-26 07:05:23.338783+00:00
2026-03-18 04:00:00+00:00,AAPL,252.625,254.94,249,249.94,35757874,alpha_vantage,market_bars,2026-06-26 07:05:23.338783+00:00
2026-03-19 04:00:00+00:00,AAPL,249.4,251.83,247.3,248.96,34864082,alpha_vantage,market_bars,2026-06-26 07:05:23.338783+00:00
2026-03-20 04:00:00+00:00,AAPL,247.975,249.1999,246,247.99,88331081,alpha_vantage,market_bars,2026-06-26 07:05:23.338783+00:00
2026-03-23 04:00:00+00:00,AAPL,253.97,254.6,250.28,251.49,40546109,alpha_vantage,market_bars,2026-06-26 07:05:23.338783+00:00
2026-03-24 04:00:00+00:00,AAPL,250.35,254.825,249.55,251.64,45152288,alpha_vantage,market_bars,2026-06-26 07:05:23.338783+00:00
2026-03-25 04:00:00+00:00,AAPL,254.095,255,251.6,252.62,28476668,alpha_vantage,market_bars,2026-06-26 07:05:23.338783+00:00
2026-03-26 04:00:00+00:00,AAPL,252.115,257,250.77,252.89,41796650,alpha_vantage,market_bars,2026-06-26 07:05:23.338783+00:00
2026-03-27 04:00:00+00:00,AAPL,253.9,255.493,248.07,248.8,47899998,alpha_vantage,market_bars,2026-06-26 07:05:23.338783+00:00
2026-03-30 04:00:00+00:00,AAPL,250.07,250.87,245.51,246.63,39446213,alpha_vantage,market_bars,2026-06-26 07:05:23.338783+00:00
2026-03-31 04:00:00+00:00,AAPL,247.91,255.48,247.101,253.79,49598091,alpha_vantage,market_bars,2026-06-26 07:05:23.338783+00:00
2026-04-01 04:00:00+00:00,AAPL,254.08,256.18,253.33,255.63,40059432,alpha_vantage,market_bars,2026-06-26 07:05:23.338783+00:00
2026-04-02 04:00:00+00:00,AAPL,254.2,256.13,250.65,255.92,31289369,alpha_vantage,market_bars,2026-06-26 07:05:23.338783+00:00
2026-04-07 04:00:00+00:00,AAPL,256.155,256.2,245.7,253.5,62148008,alpha_vantage,market_bars,2026-06-26 07:05:23.338783+00:00
2026-04-08 04:00:00+00:00,AAPL,258.45,259.7499,256.53,258.9,41032772,alpha_vantage,market_bars,2026-06-26 07:05:23.338783+00:00
2026-04-09 04:00:00+00:00,AAPL,259,261.12,256.07,260.49,28121574,alpha_vantage,market_bars,2026-06-26 07:05:23.338783+00:00
2026-04-10 04:00:00+00:00,AAPL,259.98,262.19,259.0231,260.48,31291473,alpha_vantage,market_bars,2026-06-26 07:05:23.338783+00:00
2026-04-13 04:00:00+00:00,AAPL,259.73,260.18,256.66,259.2,36234698,alpha_vantage,market_bars,2026-06-26 07:05:23.338783+00:00
2026-04-14 04:00:00+00:00,AAPL,259.245,261.93,257.19,258.83,48370710,alpha_vantage,market_bars,2026-06-26 07:05:23.338783+00:00
2026-04-15 04:00:00+00:00,AAPL,258.16,266.56,257.81,266.43,49913510,alpha_vantage,market_bars,2026-06-26 07:05:23.338783+00:00
2026-04-16 04:00:00+00:00,AAPL,266.8,267.16,261.27,263.4,43323112,alpha_vantage,market_bars,2026-06-26 07:05:23.338783+00:00
2026-04-17 04:00:00+00:00,AAPL,266.96,272.3,266.72,270.23,61436228,alpha_vantage,market_bars,2026-06-26 07:05:23.338783+00:00
2026-04-20 04:00:00+00:00,AAPL,270.33,274.275,270.29,273.05,36590169,alpha_vantage,market_bars,2026-06-26 07:05:23.338783+00:00
2026-04-21 04:00:00+00:00,AAPL,271.5,272.8,265.4,266.17,50209755,alpha_vantage,market_bars,2026-06-26 07:05:23.338783+00:00
2026-04-22 04:00:00+00:00,AAPL,267.82,273.74,266.87,273.17,43249204,alpha_vantage,market_bars,2026-06-26 07:05:23.338783+00:00
2026-04-23 04:00:00+00:00,AAPL,275.045,275.77,271.65,273.43,33399639,alpha_vantage,market_bars,2026-06-26 07:05:23.338783+00:00
2026-04-24 04:00:00+00:00,AAPL,272.755,273.06,269.65,271.06,38157110,alpha_vantage,market_bars,2026-06-26 07:05:23.338783+00:00
2026-04-27 04:00:00+00:00,AAPL,266.09,268.36,265.07,267.61,41466762,alpha_vantage,market_bars,2026-06-26 07:05:23.338783+00:00
2026-04-28 04:00:00+00:00,AAPL,272.335,273.23,268.66,270.71,40018940,alpha_vantage,market_bars,2026-06-26 07:05:23.338783+00:00
2026-04-29 04:00:00+00:00,AAPL,267.55,271.04,267.04,270.17,30047869,alpha_vantage,market_bars,2026-06-26 07:05:23.338783+00:00
2026-04-30 04:00:00+00:00,AAPL,270.5,276,268.14,271.35,91848230,alpha_vantage,market_bars,2026-06-26 07:05:23.338783+00:00
2026-05-01 04:00:00+00:00,AAPL,278.855,287.22,278.37,280.14,79915442,alpha_vantage,market_bars,2026-06-26 07:05:23.338783+00:00
2026-05-04 04:00:00+00:00,AAPL,279.655,280.63,274.8601,276.83,46668401,alpha_vantage,market_bars,2026-06-26 07:05:23.338783+00:00
2026-05-05 04:00:00+00:00,AAPL,276.925,284.57,276.501,284.18,49311712,alpha_vantage,market_bars,2026-06-26 07:05:23.338783+00:00
2026-05-06 04:00:00+00:00,AAPL,281.915,288.03,281.07,287.51,58336072,alpha_vantage,market_bars,2026-06-26 07:05:23.338783+00:00
2026-05-07 04:00:00+00:00,AAPL,289.27,292.13,285.78,287.44,45224300,alpha_vantage,market_bars,2026-06-26 07:05:23.338783+00:00
2026-05-08 04:00:00+00:00,AAPL,290.01,294.76,290,293.32,52692761,alpha_vantage,market_bars,2026-06-26 07:05:23.338783+00:00
2026-05-11 04:00:00+00:00,AAPL,291.979,293.88,290.23,292.68,42247285,alpha_vantage,market_bars,2026-06-26 07:05:23.338783+00:00
2026-05-12 04:00:00+00:00,AAPL,292.56,295.27,292.56,294.8,45748129,alpha_vantage,market_bars,2026-06-26 07:05:23.338783+00:00
2026-05-13 04:00:00+00:00,AAPL,293.5,300.92,293.5,298.87,52684260,alpha_vantage,market_bars,2026-06-26 07:05:23.338783+00:00
2026-05-14 04:00:00+00:00,AAPL,299.82,300.45,295.38,298.21,35324922,alpha_vantage,market_bars,2026-06-26 07:05:23.338783+00:00
2026-05-15 04:00:00+00:00,AAPL,297.9,303.2,296.52,300.23,54862836,alpha_vantage,market_bars,2026-06-26 07:05:23.338783+00:00
2026-05-18 04:00:00+00:00,AAPL,300.24,300.66,294.91,297.84,34482959,alpha_vantage,market_bars,2026-06-26 07:05:23.338783+00:00
2026-05-19 04:00:00+00:00,AAPL,296.97,300.51,296.35,298.97,42243561,alpha_vantage,market_bars,2026-06-26 07:05:23.338783+00:00
2026-05-20 04:00:00+00:00,AAPL,298.18,302.8,298.08,302.25,37307876,alpha_vantage,market_bars,2026-06-26 07:05:23.338783+00:00
2026-05-21 04:00:00+00:00,AAPL,301.055,305.54,300.4,304.99,42965126,alpha_vantage,market_bars,2026-06-26 07:05:23.338783+00:00
2026-05-22 04:00:00+00:00,AAPL,306.12,311.4,305.84,308.82,43670223,alpha_vantage,market_bars,2026-06-26 07:05:23.338783+00:00
2026-05-26 04:00:00+00:00,AAPL,309.56,311.82,307.67,308.33,48000493,alpha_vantage,market_bars,2026-06-26 07:05:23.338783+00:00
2026-05-27 04:00:00+00:00,AAPL,308.33,313.26,308.3,310.85,50430919,alpha_vantage,market_bars,2026-06-26 07:05:23.338783+00:00
2026-05-28 04:00:00+00:00,AAPL,310.68,312.8,309.57,312.51,47261600,alpha_vantage,market_bars,2026-06-26 07:05:23.338783+00:00
2026-05-29 04:00:00+00:00,AAPL,311.775,315,309.53,312.06,70026752,alpha_vantage,market_bars,2026-06-26 07:05:23.338783+00:00
2026-06-01 04:00:00+00:00,AAPL,309.625,310.94,305.02,306.31,47273326,alpha_vantage,market_bars,2026-06-26 07:05:23.338783+00:00
2026-06-02 04:00:00+00:00,AAPL,307.46,315.45,306.685,315.2,44534716,alpha_vantage,market_bars,2026-06-26 07:05:23.338783+00:00
2026-06-03 04:00:00+00:00,AAPL,314.175,316.94,308.85,310.26,50836705,alpha_vantage,market_bars,2026-06-26 07:05:23.338783+00:00
2026-06-04 04:00:00+00:00,AAPL,313.23,313.54,309.65,311.23,44869134,alpha_vantage,market_bars,2026-06-26 07:05:23.338783+00:00
2026-06-05 04:00:00+00:00,AAPL,312.86,315.17,307.15,307.34,65310502,alpha_vantage,market_bars,2026-06-26 07:05:23.338783+00:00
2026-06-08 04:00:00+00:00,AAPL,308.88,317.4,301.17,301.54,77424460,alpha_vantage,market_bars,2026-06-26 07:05:23.338783+00:00
2026-06-09 04:00:00+00:00,AAPL,300.275,300.75,287.78,290.55,70108847,alpha_vantage,market_bars,2026-06-26 07:05:23.338783+00:00
2026-06-10 04:00:00+00:00,AAPL,290.74,294.75,287.38,291.58,52793266,alpha_vantage,market_bars,2026-06-26 07:05:23.338783+00:00
2026-06-11 04:00:00+00:00,AAPL,293.72,297,289.59,295.63,42572497,alpha_vantage,market_bars,2026-06-26 07:05:23.338783+00:00
2026-06-12 04:00:00+00:00,AAPL,296.03,297.14,289.62,291.13,38784789,alpha_vantage,market_bars,2026-06-26 07:05:23.338783+00:00
2026-06-15 04:00:00+00:00,AAPL,294.12,297.78,291.7,296.42,45732573,alpha_vantage,market_bars,2026-06-26 07:05:23.338783+00:00
2026-06-16 04:00:00+00:00,AAPL,295.245,300.48,293.97,299.24,39874404,alpha_vantage,market_bars,2026-06-26 07:05:23.338783+00:00
2026-06-17 04:00:00+00:00,AAPL,300.845,302.07,294.36,295.95,42745060,alpha_vantage,market_bars,2026-06-26 07:05:23.338783+00:00
2026-06-18 04:00:00+00:00,AAPL,298.11,300.57,295.62,298.01,85962201,alpha_vantage,market_bars,2026-06-26 07:05:23.338783+00:00
2026-01-22 05:00:00+00:00,GOOGL,334.45,335.15,328.75,330.54,26253640,alpha_vantage,market_bars,2026-06-26 07:05:23.338783+00:00
2026-01-23 05:00:00+00:00,GOOGL,332.485,333.6889,327.45,327.93,27279974,alpha_vantage,market_bars,2026-06-26 07:05:23.338783+00:00
2026-01-26 05:00:00+00:00,GOOGL,327.805,335.84,327,333.26,26042120,alpha_vantage,market_bars,2026-06-26 07:05:23.338783+00:00
2026-01-27 05:00:00+00:00,GOOGL,335.365,337.91,333.48,334.55,19722250,alpha_vantage,market_bars,2026-06-26 07:05:23.338783+00:00
2026-01-28 05:00:00+00:00,GOOGL,336.06,337.535,331.94,336.01,27434434,alpha_vantage,market_bars,2026-06-26 07:05:23.338783+00:00
2026-01-29 05:00:00+00:00,GOOGL,340.3,342.29,326.54,338.25,39785612,alpha_vantage,market_bars,2026-06-26 07:05:23.338783+00:00
2026-01-30 05:00:00+00:00,GOOGL,340,340,332.285,338,31023954,alpha_vantage,market_bars,2026-06-26 07:05:23.338783+00:00
2026-02-02 05:00:00+00:00,GOOGL,336.22,344.83,335.63,343.69,32006052,alpha_vantage,market_bars,2026-06-26 07:05:23.338783+00:00
2026-02-03 05:00:00+00:00,GOOGL,347.34,349,337.4745,339.71,35930599,alpha_vantage,market_bars,2026-06-26 07:05:23.338783+00:00
2026-02-04 05:00:00+00:00,GOOGL,342.96,343.31,328.52,333.04,70618398,alpha_vantage,market_bars,2026-06-26 07:05:23.338783+00:00
2026-02-05 05:00:00+00:00,GOOGL,312.22,332.69,306.46,331.25,88205849,alpha_vantage,market_bars,2026-06-26 07:05:23.338783+00:00
2026-02-06 05:00:00+00:00,GOOGL,327.18,330.38,319.92,322.86,56380484,alpha_vantage,market_bars,2026-06-26 07:05:23.338783+00:00
2026-02-09 05:00:00+00:00,GOOGL,320.93,327.7,317.26,324.32,39640055,alpha_vantage,market_bars,2026-06-26 07:05:23.338783+00:00
2026-02-10 05:00:00+00:00,GOOGL,320.97,321.67,314.61,318.58,39170012,alpha_vantage,market_bars,2026-06-26 07:05:23.338783+00:00
2026-02-11 05:00:00+00:00,GOOGL,318.97,321.06,309.66,310.96,45406405,alpha_vantage,market_bars,2026-06-26 07:05:23.338783+00:00
2026-02-12 05:00:00+00:00,GOOGL,312.09,316.24,307.2,309,47761288,alpha_vantage,market_bars,2026-06-26 07:05:23.338783+00:00
2026-02-13 05:00:00+00:00,GOOGL,307.725,308.63,303.71,305.72,38499701,alpha_vantage,market_bars,2026-06-26 07:05:23.338783+00:00
2026-02-17 05:00:00+00:00,GOOGL,300.04,304.435,296.25,302.02,39247556,alpha_vantage,market_bars,2026-06-26 07:05:23.338783+00:00
2026-02-18 05:00:00+00:00,GOOGL,302.09,305.38,301.25,303.33,28482075,alpha_vantage,market_bars,2026-06-26 07:05:23.338783+00:00
2026-02-19 05:00:00+00:00,GOOGL,301.82,305.47,300.04,302.85,25834395,alpha_vantage,market_bars,2026-06-26 07:05:23.338783+00:00
2026-02-20 05:00:00+00:00,GOOGL,304.32,316.5,303.9,314.98,53210820,alpha_vantage,market_bars,2026-06-26 07:05:23.338783+00:00
2026-02-23 05:00:00+00:00,GOOGL,319.045,319.515,309.865,311.49,31422974,alpha_vantage,market_bars,2026-06-26 07:05:23.338783+00:00
2026-02-24 05:00:00+00:00,GOOGL,310.515,312.27,305.93,310.9,25615646,alpha_vantage,market_bars,2026-06-26 07:05:23.338783+00:00
2026-02-25 05:00:00+00:00,GOOGL,312.06,313.64,309.44,312.9,29963621,alpha_vantage,market_bars,2026-06-26 07:05:23.338783+00:00
2026-02-26 05:00:00+00:00,GOOGL,312.64,313.14,302.345,307.38,36431231,alpha_vantage,market_bars,2026-06-26 07:05:23.338783+00:00
2026-02-27 05:00:00+00:00,GOOGL,304.135,312.37,303.8,311.76,44640640,alpha_vantage,market_bars,2026-06-26 07:05:23.338783+00:00
2026-03-02 05:00:00+00:00,GOOGL,303.225,308.49,301.3,306.52,34790203,alpha_vantage,market_bars,2026-06-26 07:05:23.338783+00:00
2026-03-03 05:00:00+00:00,GOOGL,298.59,303.94,296.71,303.58,35496961,alpha_vantage,market_bars,2026-06-26 07:05:23.338783+00:00
2026-03-04 05:00:00+00:00,GOOGL,302.89,305.47,300.75,303.13,29536190,alpha_vantage,market_bars,2026-06-26 07:05:23.338783+00:00
2026-03-05 05:00:00+00:00,GOOGL,303.035,303.3,297.99,300.88,35752321,alpha_vantage,market_bars,2026-06-26 07:05:23.338783+00:00
2026-03-06 05:00:00+00:00,GOOGL,296.09,300.53,295.18,298.52,25576916,alpha_vantage,market_bars,2026-06-26 07:05:23.338783+00:00
2026-03-09 04:00:00+00:00,GOOGL,294.36,306.8,294.08,306.36,29312149,alpha_vantage,market_bars,2026-06-26 07:05:23.338783+00:00
2026-03-10 04:00:00+00:00,GOOGL,306.17,309.51,305.5704,307.04,23239684,alpha_vantage,market_bars,2026-06-26 07:05:23.338783+00:00
2026-03-11 04:00:00+00:00,GOOGL,306.75,311.42,305.92,308.7,24125714,alpha_vantage,market_bars,2026-06-26 07:05:23.338783+00:00
2026-03-12 04:00:00+00:00,GOOGL,306.82,308.94,301.03,303.55,24928347,alpha_vantage,market_bars,2026-06-26 07:05:23.338783+00:00
2026-03-13 04:00:00+00:00,GOOGL,307.01,307.69,300.44,302.28,23693092,alpha_vantage,market_bars,2026-06-26 07:05:23.338783+00:00
2026-03-16 04:00:00+00:00,GOOGL,304.35,306.4886,303.0201,305.56,23519709,alpha_vantage,market_bars,2026-06-26 07:05:23.338783+00:00
2026-03-17 04:00:00+00:00,GOOGL,305.86,311.42,305.5,310.92,21955171,alpha_vantage,market_bars,2026-06-26 07:05:23.338783+00:00
2026-03-18 04:00:00+00:00,GOOGL,309.27,312.47,306.932,307.69,20009815,alpha_vantage,market_bars,2026-06-26 07:05:23.338783+00:00
2026-03-19 04:00:00+00:00,GOOGL,304.005,308.06,302.35,307.13,25075831,alpha_vantage,market_bars,2026-06-26 07:05:23.338783+00:00
2026-03-20 04:00:00+00:00,GOOGL,305.46,306,298.27,301,44364079,alpha_vantage,market_bars,2026-06-26 07:05:23.338783+00:00
2026-03-23 04:00:00+00:00,GOOGL,302.11,305.98,300.93,302.06,29326946,alpha_vantage,market_bars,2026-06-26 07:05:23.338783+00:00
2026-03-24 04:00:00+00:00,GOOGL,299.2,299.92,290.33,290.44,36864278,alpha_vantage,market_bars,2026-06-26 07:05:23.338783+00:00
2026-03-25 04:00:00+00:00,GOOGL,293.44,296,289.24,290.93,29460669,alpha_vantage,market_bars,2026-06-26 07:05:23.338783+00:00
2026-03-26 04:00:00+00:00,GOOGL,287.91,287.95,278.5,280.92,39080578,alpha_vantage,market_bars,2026-06-26 07:05:23.338783+00:00
2026-03-27 04:00:00+00:00,GOOGL,277.275,279.37,273.95,274.34,35890612,alpha_vantage,market_bars,2026-06-26 07:05:23.338783+00:00
2026-03-30 04:00:00+00:00,GOOGL,276.42,277.09,272.11,273.5,35141244,alpha_vantage,market_bars,2026-06-26 07:05:23.338783+00:00
2026-03-31 04:00:00+00:00,GOOGL,278.04,288.08,277.09,287.56,43875400,alpha_vantage,market_bars,2026-06-26 07:05:23.338783+00:00
2026-04-01 04:00:00+00:00,GOOGL,290.835,300.52,290.41,297.39,37684462,alpha_vantage,market_bars,2026-06-26 07:05:23.338783+00:00
2026-04-02 04:00:00+00:00,GOOGL,290.69,298.08,289.45,295.77,21666465,alpha_vantage,market_bars,2026-06-26 07:05:23.338783+00:00
2026-04-07 04:00:00+00:00,GOOGL,302.725,305.63,297.72,305.46,23205361,alpha_vantage,market_bars,2026-06-26 07:05:23.338783+00:00
2026-04-08 04:00:00+00:00,GOOGL,320.445,322.08,315.02,317.32,33547140,alpha_vantage,market_bars,2026-06-26 07:05:23.338783+00:00
2026-04-09 04:00:00+00:00,GOOGL,315.905,319.54,311.06,318.49,23739173,alpha_vantage,market_bars,2026-06-26 07:05:23.338783+00:00
2026-04-10 04:00:00+00:00,GOOGL,320.015,321.83,316.32,317.24,19152630,alpha_vantage,market_bars,2026-06-26 07:05:23.338783+00:00
2026-04-13 04:00:00+00:00,GOOGL,317.135,321.63,315.47,321.31,18866424,alpha_vantage,market_bars,2026-06-26 07:05:23.338783+00:00
2026-04-14 04:00:00+00:00,GOOGL,324.785,333.29,323.75,332.91,27721351,alpha_vantage,market_bars,2026-06-26 07:05:23.338783+00:00
2026-04-15 04:00:00+00:00,GOOGL,332.89,337.48,330.9,337.12,24918842,alpha_vantage,market_bars,2026-06-26 07:05:23.338783+00:00
2026-04-16 04:00:00+00:00,GOOGL,338.75,339.88,334.52,336.02,20541487,alpha_vantage,market_bars,2026-06-26 07:05:23.338783+00:00
2026-04-17 04:00:00+00:00,GOOGL,337.65,342.32,336.24,341.68,25581881,alpha_vantage,market_bars,2026-06-26 07:05:23.338783+00:00
2026-04-20 04:00:00+00:00,GOOGL,340.755,341.4,336.61,337.42,18784226,alpha_vantage,market_bars,2026-06-26 07:05:23.338783+00:00
2026-04-21 04:00:00+00:00,GOOGL,337.685,339.34,331.35,332.29,23123795,alpha_vantage,market_bars,2026-06-26 07:05:23.338783+00:00
2026-04-22 04:00:00+00:00,GOOGL,337.02,339.82,335.17,339.32,20293014,alpha_vantage,market_bars,2026-06-26 07:05:23.338783+00:00
2026-04-23 04:00:00+00:00,GOOGL,341.18,341.96,336.18,338.89,18650256,alpha_vantage,market_bars,2026-06-26 07:05:23.338783+00:00
2026-04-24 04:00:00+00:00,GOOGL,338.725,345.27,335.39,344.4,26426061,alpha_vantage,market_bars,2026-06-26 07:05:23.338783+00:00
2026-04-27 04:00:00+00:00,GOOGL,345.98,353.18,342.73,350.34,28576887,alpha_vantage,market_bars,2026-06-26 07:05:23.338783+00:00
2026-04-28 04:00:00+00:00,GOOGL,348.55,352.42,346.12,349.78,27824052,alpha_vantage,market_bars,2026-06-26 07:05:23.338783+00:00
2026-04-29 04:00:00+00:00,GOOGL,347.565,355.79,344.21,349.94,35376328,alpha_vantage,market_bars,2026-06-26 07:05:23.338783+00:00
2026-04-30 04:00:00+00:00,GOOGL,374.07,385.84,365.82,384.8,72039993,alpha_vantage,market_bars,2026-06-26 07:05:23.338783+00:00
2026-05-01 04:00:00+00:00,GOOGL,381.63,386.76,379.05,385.69,30105226,alpha_vantage,market_bars,2026-06-26 07:05:23.338783+00:00
2026-05-04 04:00:00+00:00,GOOGL,385.63,387.38,379.79,383.25,26298574,alpha_vantage,market_bars,2026-06-26 07:05:23.338783+00:00
2026-05-05 04:00:00+00:00,GOOGL,386.23,392.8199,384.02,388.43,23878626,alpha_vantage,market_bars,2026-06-26 07:05:23.338783+00:00
2026-05-06 04:00:00+00:00,GOOGL,394.245,399.8499,392.76,398.04,31308476,alpha_vantage,market_bars,2026-06-26 07:05:23.338783+00:00
2026-05-07 04:00:00+00:00,GOOGL,399.92,400.1,392.68,397.99,24433490,alpha_vantage,market_bars,2026-06-26 07:05:23.338783+00:00
2026-05-08 04:00:00+00:00,GOOGL,397,402,396.36,400.8,21461849,alpha_vantage,market_bars,2026-06-26 07:05:23.338783+00:00
2026-05-11 04:00:00+00:00,GOOGL,393.645,397.44,388.47,388.64,30753738,alpha_vantage,market_bars,2026-06-26 07:05:23.338783+00:00
2026-05-12 04:00:00+00:00,GOOGL,387.34,388.52,382.77,387.35,26017488,alpha_vantage,market_bars,2026-06-26 07:05:23.338783+00:00
2026-05-13 04:00:00+00:00,GOOGL,385.595,403.7,385,402.62,28144555,alpha_vantage,market_bars,2026-06-26 07:05:23.338783+00:00
2026-05-14 04:00:00+00:00,GOOGL,397.28,402.93,395.84,401.07,21136716,alpha_vantage,market_bars,2026-06-26 07:05:23.338783+00:00
2026-05-15 04:00:00+00:00,GOOGL,396.315,399.5399,393.18,396.78,20309702,alpha_vantage,market_bars,2026-06-26 07:05:23.338783+00:00
2026-05-18 04:00:00+00:00,GOOGL,395.685,408.61,394.53,396.94,26837196,alpha_vantage,market_bars,2026-06-26 07:05:23.338783+00:00
2026-05-19 04:00:00+00:00,GOOGL,396.96,397.15,386.11,387.66,39545672,alpha_vantage,market_bars,2026-06-26 07:05:23.338783+00:00
2026-05-20 04:00:00+00:00,GOOGL,387.7,393.8599,382.9,388.91,30504055,alpha_vantage,market_bars,2026-06-26 07:05:23.338783+00:00
2026-05-21 04:00:00+00:00,GOOGL,385.7,392.5,383.02,387.66,24852843,alpha_vantage,market_bars,2026-06-26 07:05:23.338783+00:00
2026-05-22 04:00:00+00:00,GOOGL,387.345,388.74,381.7716,382.97,20442123,alpha_vantage,market_bars,2026-06-26 07:05:23.338783+00:00
2026-05-26 04:00:00+00:00,GOOGL,384.51,389.2599,382.6,388.88,27747388,alpha_vantage,market_bars,2026-06-26 07:05:23.338783+00:00
2026-05-27 04:00:00+00:00,GOOGL,386.665,393.88,385.9,388.83,23087287,alpha_vantage,market_bars,2026-06-26 07:05:23.338783+00:00
2026-05-28 04:00:00+00:00,GOOGL,388,391.87,385.16,390.13,24357455,alpha_vantage,market_bars,2026-06-26 07:05:23.338783+00:00
2026-05-29 04:00:00+00:00,GOOGL,385.24,385.24,378.46,380.34,44415846,alpha_vantage,market_bars,2026-06-26 07:05:23.338783+00:00
2026-06-01 04:00:00+00:00,GOOGL,376.52,378.56,373.52,376.37,28672120,alpha_vantage,market_bars,2026-06-26 07:05:23.338783+00:00
2026-06-02 04:00:00+00:00,GOOGL,366.59,373.54,358.44,361.85,50412300,alpha_vantage,market_bars,2026-06-26 07:05:23.338783+00:00
2026-06-03 04:00:00+00:00,GOOGL,362.03,366.45,358.08,358.99,55441583,alpha_vantage,market_bars,2026-06-26 07:05:23.338783+00:00
2026-06-04 04:00:00+00:00,GOOGL,358.9,373.2499,358.21,372.19,44055520,alpha_vantage,market_bars,2026-06-26 07:05:23.338783+00:00
2026-06-05 04:00:00+00:00,GOOGL,366.34,372.08,364.1207,368.53,37471206,alpha_vantage,market_bars,2026-06-26 07:05:23.338783+00:00
2026-06-08 04:00:00+00:00,GOOGL,365.18,366.2,360.5309,363.31,27942464,alpha_vantage,market_bars,2026-06-26 07:05:23.338783+00:00
2026-06-09 04:00:00+00:00,GOOGL,367.09,372.08,357.3,364.26,29535072,alpha_vantage,market_bars,2026-06-26 07:05:23.338783+00:00
2026-06-10 04:00:00+00:00,GOOGL,363.19,368.555,355.2,356.38,32357132,alpha_vantage,market_bars,2026-06-26 07:05:23.338783+00:00
2026-06-11 04:00:00+00:00,GOOGL,355.925,358.8,346.36,357.77,35538165,alpha_vantage,market_bars,2026-06-26 07:05:23.338783+00:00
2026-06-12 04:00:00+00:00,GOOGL,362.62,366.57,354.94,359.68,24731019,alpha_vantage,market_bars,2026-06-26 07:05:23.338783+00:00
2026-06-15 04:00:00+00:00,GOOGL,367.93,372.99,366.55,369.35,27727493,alpha_vantage,market_bars,2026-06-26 07:05:23.338783+00:00
2026-01-06 05:00:00+00:00,MSFT,473.8,478.7367,469.75,478.51,23037665,alpha_vantage,market_bars,2026-06-26 07:05:23.338783+00:00
2026-01-07 05:00:00+00:00,MSFT,479.755,489.7,477.95,483.47,25564196,alpha_vantage,market_bars,2026-06-26 07:05:23.338783+00:00
2026-01-08 05:00:00+00:00,MSFT,481.24,482.66,475.86,478.11,18162616,alpha_vantage,market_bars,2026-06-26 07:05:23.338783+00:00
2026-01-09 05:00:00+00:00,MSFT,474.06,479.82,472.2001,479.28,18491036,alpha_vantage,market_bars,2026-06-26 07:05:23.338783+00:00
2026-01-12 05:00:00+00:00,MSFT,476.67,480.99,475.6803,477.18,23519895,alpha_vantage,market_bars,2026-06-26 07:05:23.338783+00:00
2026-01-13 05:00:00+00:00,MSFT,474.675,475.7799,465.95,470.67,28545800,alpha_vantage,market_bars,2026-06-26 07:05:23.338783+00:00
2026-01-14 05:00:00+00:00,MSFT,466.46,468.2,457.17,459.38,28184302,alpha_vantage,market_bars,2026-06-26 07:05:23.338783+00:00
2026-01-15 05:00:00+00:00,MSFT,464.12,464.25,455.9,456.66,23225839,alpha_vantage,market_bars,2026-06-26 07:05:23.338783+00:00
2026-01-16 05:00:00+00:00,MSFT,457.83,463.19,456.48,459.86,34246650,alpha_vantage,market_bars,2026-06-26 07:05:23.338783+00:00
2026-01-20 05:00:00+00:00,MSFT,451.215,456.8,449.28,454.52,25973898,alpha_vantage,market_bars,2026-06-26 07:05:23.338783+00:00
2026-01-21 05:00:00+00:00,MSFT,452.595,452.69,438.68,444.11,37980510,alpha_vantage,market_bars,2026-06-26 07:05:23.338783+00:00
2026-01-22 05:00:00+00:00,MSFT,447.62,452.84,444.7,451.14,25349378,alpha_vantage,market_bars,2026-06-26 07:05:23.338783+00:00
2026-01-23 05:00:00+00:00,MSFT,451.87,471.1,450.53,465.95,38000159,alpha_vantage,market_bars,2026-06-26 07:05:23.338783+00:00
2026-01-26 05:00:00+00:00,MSFT,465.305,474.25,462,470.28,29291235,alpha_vantage,market_bars,2026-06-26 07:05:23.338783+00:00
2026-01-27 05:00:00+00:00,MSFT,473.7,482.87,473.16,480.58,29088664,alpha_vantage,market_bars,2026-06-26 07:05:23.338783+00:00
2026-01-28 05:00:00+00:00,MSFT,483.21,483.74,478,481.63,36875403,alpha_vantage,market_bars,2026-06-26 07:05:23.338783+00:00
2026-01-29 05:00:00+00:00,MSFT,439.99,442.5,421.02,433.5,128855323,alpha_vantage,market_bars,2026-06-26 07:05:23.338783+00:00
2026-01-30 05:00:00+00:00,MSFT,439.17,439.6,426.45,430.29,58566819,alpha_vantage,market_bars,2026-06-26 07:05:23.338783+00:00
2026-02-02 05:00:00+00:00,MSFT,430.235,430.736,422.25,423.37,42219858,alpha_vantage,market_bars,2026-06-26 07:05:23.338783+00:00
2026-02-03 05:00:00+00:00,MSFT,422.01,422.05,408.56,411.21,60076532,alpha_vantage,market_bars,2026-06-26 07:05:23.338783+00:00
2026-02-04 05:00:00+00:00,MSFT,411,419.8,409.24,414.19,45012374,alpha_vantage,market_bars,2026-06-26 07:05:23.338783+00:00
2026-02-05 05:00:00+00:00,MSFT,407.44,408.3,392.32,393.67,66289247,alpha_vantage,market_bars,2026-06-26 07:05:23.338783+00:00
2026-02-06 05:00:00+00:00,MSFT,399.165,401.79,392.92,401.14,53515311,alpha_vantage,market_bars,2026-06-26 07:05:23.338783+00:00
2026-02-09 05:00:00+00:00,MSFT,404.85,414.89,400.87,413.6,45480526,alpha_vantage,market_bars,2026-06-26 07:05:23.338783+00:00
2026-02-10 05:00:00+00:00,MSFT,419.62,423.68,412.7,413.27,44857850,alpha_vantage,market_bars,2026-06-26 07:05:23.338783+00:00
2026-02-11 05:00:00+00:00,MSFT,416.175,416.46,401.01,404.37,42491012,alpha_vantage,market_bars,2026-06-26 07:05:23.338783+00:00
2026-02-12 05:00:00+00:00,MSFT,405,406.2,398.01,401.84,40802362,alpha_vantage,market_bars,2026-06-26 07:05:23.338783+00:00
2026-02-13 05:00:00+00:00,MSFT,404.45,405.54,398.05,401.32,34091553,alpha_vantage,market_bars,2026-06-26 07:05:23.338783+00:00
2026-02-17 05:00:00+00:00,MSFT,399.22,400.52,394.525,396.86,32078794,alpha_vantage,market_bars,2026-06-26 07:05:23.338783+00:00
2026-02-18 05:00:00+00:00,MSFT,398.13,402.56,396.32,399.6,23223417,alpha_vantage,market_bars,2026-06-26 07:05:23.338783+00:00
2026-02-19 05:00:00+00:00,MSFT,400.69,404.43,396.67,398.46,28234001,alpha_vantage,market_bars,2026-06-26 07:05:23.338783+00:00
2026-02-20 05:00:00+00:00,MSFT,396.11,400.1159,395.16,397.23,34015249,alpha_vantage,market_bars,2026-06-26 07:05:23.338783+00:00
2026-02-23 05:00:00+00:00,MSFT,395,395.36,383.1,384.47,43238273,alpha_vantage,market_bars,2026-06-26 07:05:23.338783+00:00
2026-02-24 05:00:00+00:00,MSFT,384.14,389.36,381.71,389,33884653,alpha_vantage,market_bars,2026-06-26 07:05:23.338783+00:00
2026-02-25 05:00:00+00:00,MSFT,390.525,401.47,390.16,400.6,43625483,alpha_vantage,market_bars,2026-06-26 07:05:23.338783+00:00
2026-02-26 05:00:00+00:00,MSFT,404.71,407.49,398.74,401.72,34405869,alpha_vantage,market_bars,2026-06-26 07:05:23.338783+00:00
2026-02-27 05:00:00+00:00,MSFT,390.88,396.82,389.88,392.74,51367196,alpha_vantage,market_bars,2026-06-26 07:05:23.338783+00:00
2026-03-02 05:00:00+00:00,MSFT,392.855,401.19,390.63,398.55,35474907,alpha_vantage,market_bars,2026-06-26 07:05:23.338783+00:00
2026-03-03 05:00:00+00:00,MSFT,393.14,406.7,392.67,403.93,38199209,alpha_vantage,market_bars,2026-06-26 07:05:23.338783+00:00
2026-03-04 05:00:00+00:00,MSFT,401.265,411.0326,400.31,405.2,35807990,alpha_vantage,market_bars,2026-06-26 07:05:23.338783+00:00
2026-03-05 05:00:00+00:00,MSFT,404.42,411.61,404.4,410.68,39001315,alpha_vantage,market_bars,2026-06-26 07:05:23.338783+00:00
2026-03-06 05:00:00+00:00,MSFT,409.2,413.05,408.5101,408.96,31123859,alpha_vantage,market_bars,2026-06-26 07:05:23.338783+00:00
2026-03-09 04:00:00+00:00,MSFT,404.915,410.21,403.5,409.41,30131854,alpha_vantage,market_bars,2026-06-26 07:05:23.338783+00:00
2026-03-10 04:00:00+00:00,MSFT,410.03,410.2,402.93,405.76,31706375,alpha_vantage,market_bars,2026-06-26 07:05:23.338783+00:00
2026-03-11 04:00:00+00:00,MSFT,405.57,409.01,401.59,404.88,25512139,alpha_vantage,market_bars,2026-06-26 07:05:23.338783+00:00
2026-03-12 04:00:00+00:00,MSFT,404.63,406.12,401.71,401.86,27263886,alpha_vantage,market_bars,2026-06-26 07:05:23.338783+00:00
2026-03-13 04:00:00+00:00,MSFT,401,404.8,394.25,395.55,26848000,alpha_vantage,market_bars,2026-06-26 07:05:23.338783+00:00
2026-03-16 04:00:00+00:00,MSFT,398.07,400.63,394.79,399.95,27733721,alpha_vantage,market_bars,2026-06-26 07:05:23.338783+00:00
2026-03-17 04:00:00+00:00,MSFT,400.27,404.4,397.745,399.41,26228279,alpha_vantage,market_bars,2026-06-26 07:05:23.338783+00:00
2026-03-18 04:00:00+00:00,MSFT,397.125,398,391,391.79,25908484,alpha_vantage,market_bars,2026-06-26 07:05:23.338783+00:00
2026-03-19 04:00:00+00:00,MSFT,390.1,392.49,387.06,389.02,25138772,alpha_vantage,market_bars,2026-06-26 07:05:23.338783+00:00
2026-03-20 04:00:00+00:00,MSFT,386.79,387,380.12,381.87,50853154,alpha_vantage,market_bars,2026-06-26 07:05:23.338783+00:00
2026-03-23 04:00:00+00:00,MSFT,383.9,387.21,381.68,383,29680059,alpha_vantage,market_bars,2026-06-26 07:05:23.338783+00:00
2026-03-24 04:00:00+00:00,MSFT,382.36,382.47,371.85,372.74,42733625,alpha_vantage,market_bars,2026-06-26 07:05:23.338783+00:00
2026-03-25 04:00:00+00:00,MSFT,376.92,377.06,369.63,371.04,31181163,alpha_vantage,market_bars,2026-06-26 07:05:23.338783+00:00
2026-03-26 04:00:00+00:00,MSFT,370.815,374.7199,365.19,365.97,36836574,alpha_vantage,market_bars,2026-06-26 07:05:23.338783+00:00
2026-03-27 04:00:00+00:00,MSFT,361.9,362.45,356.51,356.77,37883400,alpha_vantage,market_bars,2026-06-26 07:05:23.338783+00:00
2026-03-30 04:00:00+00:00,MSFT,361.895,365.36,356.28,358.96,44797002,alpha_vantage,market_bars,2026-06-26 07:05:23.338783+00:00
2026-03-31 04:00:00+00:00,MSFT,364.55,372.9,363.07,370.17,45244365,alpha_vantage,market_bars,2026-06-26 07:05:23.338783+00:00
2026-04-01 04:00:00+00:00,MSFT,373.49,373.99,368.2,369.37,29417206,alpha_vantage,market_bars,2026-06-26 07:05:23.338783+00:00
2026-04-02 04:00:00+00:00,MSFT,367.205,373.64,364.15,373.46,24099067,alpha_vantage,market_bars,2026-06-26 07:05:23.338783+00:00
2026-04-07 04:00:00+00:00,MSFT,370.34,372.45,366.56,372.29,21443349,alpha_vantage,market_bars,2026-06-26 07:05:23.338783+00:00
2026-04-08 04:00:00+00:00,MSFT,384.98,385,371.41,374.33,33064818,alpha_vantage,market_bars,2026-06-26 07:05:23.338783+00:00
2026-04-09 04:00:00+00:00,MSFT,372.5,373.5,367.05,373.07,30435297,alpha_vantage,market_bars,2026-06-26 07:05:23.338783+00:00
2026-04-10 04:00:00+00:00,MSFT,372.98,375.64,370.03,370.87,28111128,alpha_vantage,market_bars,2026-06-26 07:05:23.338783+00:00
2026-04-13 04:00:00+00:00,MSFT,373.605,384.54,371.02,384.37,35745781,alpha_vantage,market_bars,2026-06-26 07:05:23.338783+00:00
2026-04-14 04:00:00+00:00,MSFT,387.915,394.69,386.52,393.11,37504486,alpha_vantage,market_bars,2026-06-26 07:05:23.338783+00:00
2026-04-15 04:00:00+00:00,MSFT,398,414.3699,396.73,411.22,45063389,alpha_vantage,market_bars,2026-06-26 07:05:23.338783+00:00
2026-04-16 04:00:00+00:00,MSFT,419.86,420.82,412.14,420.26,41642361,alpha_vantage,market_bars,2026-06-26 07:05:23.338783+00:00
2026-04-17 04:00:00+00:00,MSFT,424.82,431.58,420.69,422.79,48568190,alpha_vantage,market_bars,2026-06-26 07:05:23.338783+00:00
2026-04-20 04:00:00+00:00,MSFT,421.145,423.33,416.3,418.07,27582237,alpha_vantage,market_bars,2026-06-26 07:05:23.338783+00:00
2026-04-21 04:00:00+00:00,MSFT,420.24,427.18,417.2,424.16,32048495,alpha_vantage,market_bars,2026-06-26 07:05:23.338783+00:00
2026-04-22 04:00:00+00:00,MSFT,426.185,433.7,423.67,432.92,29378173,alpha_vantage,market_bars,2026-06-26 07:05:23.338783+00:00
2026-04-23 04:00:00+00:00,MSFT,419.885,423.66,411.4101,415.75,38307959,alpha_vantage,market_bars,2026-06-26 07:05:23.338783+00:00
2026-04-24 04:00:00+00:00,MSFT,416.97,424.95,415.8,424.62,27457404,alpha_vantage,market_bars,2026-06-26 07:05:23.338783+00:00
2026-04-27 04:00:00+00:00,MSFT,422.375,427.11,417.0701,424.82,30867303,alpha_vantage,market_bars,2026-06-26 07:05:23.338783+00:00
2026-04-28 04:00:00+00:00,MSFT,424.57,429.92,421.9,429.25,30438087,alpha_vantage,market_bars,2026-06-26 07:05:23.338783+00:00
2026-04-29 04:00:00+00:00,MSFT,424.575,426.82,420.29,424.46,38288316,alpha_vantage,market_bars,2026-06-26 07:05:23.338783+00:00
2026-04-30 04:00:00+00:00,MSFT,410.81,414.42,398.01,407.78,70909408,alpha_vantage,market_bars,2026-06-26 07:05:23.338783+00:00
2026-05-01 04:00:00+00:00,MSFT,412.8,417.11,410.435,414.44,31372361,alpha_vantage,market_bars,2026-06-26 07:05:23.338783+00:00
2026-05-04 04:00:00+00:00,MSFT,411.54,420.78,410.8,413.62,28066528,alpha_vantage,market_bars,2026-06-26 07:05:23.338783+00:00
2026-05-05 04:00:00+00:00,MSFT,415.32,416.7799,408.8,411.38,25700891,alpha_vantage,market_bars,2026-06-26 07:05:23.338783+00:00
2026-05-06 04:00:00+00:00,MSFT,408,418.4228,405.11,413.96,30285898,alpha_vantage,market_bars,2026-06-26 07:05:23.338783+00:00
2026-05-07 04:00:00+00:00,MSFT,420.11,427.98,418.76,420.77,34942445,alpha_vantage,market_bars,2026-06-26 07:05:23.338783+00:00
2026-05-08 04:00:00+00:00,MSFT,417.385,418.63,414,415.12,33383790,alpha_vantage,market_bars,2026-06-26 07:05:23.338783+00:00
2026-05-11 04:00:00+00:00,MSFT,407.87,412.69,405.5,412.66,35657943,alpha_vantage,market_bars,2026-06-26 07:05:23.338783+00:00
2026-05-12 04:00:00+00:00,MSFT,414.48,415.5,406.64,407.77,38594221,alpha_vantage,market_bars,2026-06-26 07:05:23.338783+00:00
2026-05-13 04:00:00+00:00,MSFT,403.2,406.31,401.03,405.21,29667073,alpha_vantage,market_bars,2026-06-26 07:05:23.338783+00:00
2026-05-14 04:00:00+00:00,MSFT,404.48,411.84,400.88,409.43,27077542,alpha_vantage,market_bars,2026-06-26 07:05:23.338783+00:00
2026-05-15 04:00:00+00:00,MSFT,414.27,428.17,412.91,421.92,50771160,alpha_vantage,market_bars,2026-06-26 07:05:23.338783+00:00
2026-05-18 04:00:00+00:00,MSFT,416.62,425.12,415.61,423.54,32564130,alpha_vantage,market_bars,2026-06-26 07:05:23.338783+00:00
2026-05-19 04:00:00+00:00,MSFT,429.9,432.7,416.49,417.42,33018678,alpha_vantage,market_bars,2026-06-26 07:05:23.338783+00:00
2026-05-20 04:00:00+00:00,MSFT,414.165,422.1,411.3001,421.06,27655979,alpha_vantage,market_bars,2026-06-26 07:05:23.338783+00:00
2026-05-21 04:00:00+00:00,MSFT,424.75,426.34,415.71,419.09,31393469,alpha_vantage,market_bars,2026-06-26 07:05:23.338783+00:00
2026-05-22 04:00:00+00:00,MSFT,419.535,424.4,416.33,418.57,22390344,alpha_vantage,market_bars,2026-06-26 07:05:23.338783+00:00
2026-05-26 04:00:00+00:00,MSFT,416.43,419.77,413.02,416.03,30398049,alpha_vantage,market_bars,2026-06-26 07:05:23.338783+00:00
2026-05-27 04:00:00+00:00,MSFT,411.01,415.94,409.58,412.67,28901479,alpha_vantage,market_bars,2026-06-26 07:05:23.338783+00:00
2026-05-28 04:00:00+00:00,MSFT,412.975,429.49,412.67,426.99,47250541,alpha_vantage,market_bars,2026-06-26 07:05:23.338783+00:00
2026-05-29 04:00:00+00:00,MSFT,432.545,450.33,432.36,450.24,79654376,alpha_vantage,market_bars,2026-06-26 07:05:23.338783+00:00
2026-06-12 04:00:00+00:00,SPCX,150,176.52,149.34,160.95,522131790,alpha_vantage,market_bars,2026-06-26 07:05:23.338783+00:00
2026-06-15 04:00:00+00:00,SPCX,171.74,193,168.35,192.5,256226632,alpha_vantage,market_bars,2026-06-26 07:05:23.338783+00:00
2026-01-01 00:00:00+00:00,TEST,100,110,90,105,1000,alpha_vantage,market_bars,2026-06-26 07:05:23.338783+00:00
2026-04-06 10:00:00+00:00,TESTA,10,12,9,11,100,alpha_vantage,market_bars,2026-06-26 07:05:23.338783+00:00
2026-04-06 11:00:00+00:00,TESTA,11,13,10,12,200,alpha_vantage,market_bars,2026-06-26 07:05:23.338783+00:00
2026-04-06 10:00:00+00:00,TESTB,20,22,19,21,50,alpha_vantage,market_bars,2026-06-26 07:05:23.338783+00:00
2026-04-06 11:00:00+00:00,TESTB,21,23,20,22,70,alpha_vantage,market_bars,2026-06-26 07:05:23.338783+00:00
